,Width,Height
0,640,640
1,256,256
2,224,224
3,256,256
4,224,224
5,256,256
6,256,256
7,256,256
8,630,630
9,256,256
10,256,256
11,256,256
12,256,256
13,224,224
14,256,256
15,256,256
16,256,256
17,468,444
18,256,256
19,256,256
20,256,256
21,256,256
22,224,224
23,256,256
24,256,256
25,256,256
26,256,256
27,468,444
28,224,224
29,256,256
30,256,256
31,256,256
32,256,256
33,256,256
34,224,224
35,256,256
36,224,224
37,256,256
38,393,400
39,256,256
40,224,224
41,224,224
42,550,664
43,256,256
44,256,256
45,256,256
46,256,256
47,256,256
48,256,256
49,256,256
50,442,442
51,256,256
52,256,256
53,256,256
54,224,224
55,256,256
56,256,256
57,256,256
58,256,256
59,150,198
60,256,256
61,256,256
62,256,256
63,256,256
64,256,256
65,224,224
66,256,256
67,256,256
68,225,225
69,256,256
70,224,224
71,256,256
72,256,256
73,256,256
74,256,256
75,256,256
76,256,256
77,926,649
78,256,256
79,256,256
80,256,256
81,256,256
82,256,256
83,224,224
84,225,225
85,417,424
86,256,256
87,256,256
88,256,256
89,256,256
90,256,256
91,256,256
92,256,256
93,224,224
94,224,224
95,400,442
96,256,256
97,256,256
98,256,256
99,256,256
100,256,256
101,256,256
102,256,256
103,256,256
104,225,225
105,256,256
106,256,256
107,256,256
108,224,224
109,256,256
110,224,224
111,256,256
112,256,256
113,224,224
114,224,224
115,256,256
116,256,256
117,224,224
118,224,224
119,256,256
120,225,225
121,256,256
122,256,256
123,256,256
124,256,256
125,256,256
126,256,256
127,256,256
128,630,630
129,256,256
130,256,256
131,256,256
132,256,256
133,256,256
134,256,256
135,256,256
136,256,256
137,256,256
138,236,231
139,256,256
140,256,256
141,256,256
142,256,256
143,256,256
144,256,256
145,256,256
146,256,256
147,256,256
148,356,474
149,256,256
150,256,256
151,256,256
152,256,256
153,256,256
154,256,256
155,256,256
156,256,256
157,225,225
158,256,256
159,256,256
160,256,256
161,256,256
162,256,256
163,256,256
164,256,256
165,235,227
166,256,256
167,256,256
168,256,256
169,256,256
170,256,256
171,256,256
172,256,256
173,206,244
174,275,183
175,256,256
176,256,256
177,256,256
178,256,256
179,256,256
180,256,256
181,256,256
182,442,442
183,256,256
184,256,256
185,256,256
186,256,256
187,640,640
188,640,640
189,640,640
190,640,640
191,640,640
192,640,640
193,200,252
194,640,640
195,640,640
196,640,640
197,640,640
198,640,640
199,630,630
200,640,640
201,640,640
202,640,640
203,640,640
204,640,640
205,640,640
206,256,256
207,256,256
208,256,256
209,256,256
210,256,256
211,256,256
212,256,256
213,256,256
214,256,256
215,256,256
216,256,256
217,256,256
218,256,256
219,512,512
220,512,512
221,512,512
222,512,512
223,236,263
224,512,512
225,512,512
226,512,512
227,512,512
228,256,256
229,256,256
230,256,256
231,256,256
232,256,256
233,225,225
234,256,256
235,256,256
236,512,512
237,512,512
238,512,512
239,512,512
240,512,512
241,512,512
242,256,256
243,256,256
244,256,256
245,256,256
246,256,256
247,256,256
248,256,256
249,228,221
250,512,512
251,256,256
252,256,256
253,256,256
254,256,256
255,256,256
256,256,256
257,256,256
258,630,630
259,235,257
260,512,512
261,512,512
262,512,512
263,512,512
264,256,256
265,512,512
266,512,512
267,512,512
268,256,256
269,228,221
270,256,256
271,512,512
272,512,512
273,512,512
274,512,512
275,512,512
276,512,512
277,300,168
278,512,512
279,512,512
280,512,512
281,512,512
282,512,512
283,512,512
284,256,256
285,256,256
286,236,236
287,256,256
288,256,256
289,256,256
290,256,256
291,512,512
292,512,512
293,256,256
294,256,256
295,256,256
296,411,501
297,256,256
298,512,512
299,256,256
300,256,256
301,512,512
302,256,256
303,256,256
304,512,512
305,300,168
306,256,256
307,256,256
308,256,256
309,256,256
310,512,512
311,512,512
312,256,256
313,256,256
314,630,630
315,256,256
316,256,256
317,512,512
318,256,256
319,256,256
320,256,256
321,256,256
322,512,512
323,512,512
324,550,664
325,512,512
326,512,512
327,512,512
328,512,512
329,256,256
330,256,256
331,256,256
332,442,442
333,256,256
334,256,256
335,256,256
336,256,256
337,256,256
338,256,256
339,512,512
340,512,512
341,256,256
342,256,256
343,256,256
344,256,256
345,256,256
346,256,256
347,630,630
348,225,225
349,256,256
350,512,512
351,512,512
352,512,512
353,512,512
354,512,512
355,512,512
356,512,512
357,256,256
358,850,872
359,256,256
360,256,256
361,256,256
362,256,256
363,256,256
364,256,256
365,630,630
366,256,256
367,256,256
368,256,256
369,256,256
370,512,512
371,512,512
372,512,512
373,512,512
374,225,225
375,512,512
376,512,512
377,256,256
378,512,512
379,512,512
380,256,256
381,512,512
382,512,512
383,512,512
384,441,442
385,512,512
386,512,512
387,512,512
388,512,512
389,256,256
390,256,256
391,512,512
392,512,512
393,512,512
394,512,512
395,256,256
396,236,236
397,236,236
398,236,231
399,235,227
400,236,236
401,236,236
402,234,218
403,236,251
404,234,218
405,236,262
406,236,236
407,236,231
408,236,262
409,236,263
410,452,509
411,630,630
412,206,244
413,630,630
414,225,225
415,225,225
416,630,630
417,215,234
418,215,234
419,442,442
420,206,244
421,512,512
422,468,444
423,630,630
424,630,630
425,630,630
426,630,630
427,630,630
428,630,630
429,442,442
430,434,512
431,332,442
432,630,630
433,206,244
434,442,442
435,630,630
436,442,442
437,512,512
438,630,630
439,224,223
440,680,680
441,468,444
442,359,449
443,236,236
444,236,280
445,225,225
446,630,630
447,236,260
448,236,270
449,235,261
450,225,225
451,236,236
452,209,242
453,800,693
454,236,290
455,236,239
456,444,506
457,210,213
458,236,366
459,210,213
460,233,210
461,236,366
462,236,236
463,236,236
464,442,442
465,235,216
466,236,232
467,236,263
468,236,240
469,235,304
470,233,228
471,447,251
472,236,366
473,350,350
474,350,350
475,350,350
476,350,350
477,255,236
478,233,218
479,236,236
480,236,236
481,236,295
482,236,236
483,236,269
484,236,236
485,236,269
486,232,216
487,236,223
488,236,236
489,210,201
490,236,236
491,236,220
492,236,222
493,236,236
494,1375,1446
495,225,225
496,225,218
497,502,513
498,428,417
499,428,417
500,201,251
501,428,417
502,512,512
503,626,686
504,225,225
505,350,350
506,206,244
507,417,424
508,416,512
509,200,252
510,600,450
511,212,222
512,652,600
513,256,256
514,235,227
515,655,602
516,278,280
517,201,251
518,225,225
519,225,225
520,330,220
521,926,649
522,755,824
523,853,480
524,225,225
525,733,781
526,228,221
527,600,519
528,225,225
529,853,480
530,227,222
531,853,480
532,500,500
533,648,674
534,434,512
535,444,506
536,210,213
537,504,488
538,1024,830
539,453,496
540,234,218
541,469,470
542,825,832
543,755,824
544,494,600
545,208,248
546,642,361
547,201,250
548,1024,1024
549,600,600
550,225,225
551,630,630
552,278,280
553,785,848
554,442,442
555,235,229
556,1000,583
557,512,512
558,442,442
559,416,512
560,724,851
561,626,575
562,202,250
563,150,198
564,221,257
565,1280,720
566,224,262
567,512,512
568,296,320
569,278,253
570,1024,1024
571,528,528
572,206,244
573,208,242
574,850,872
575,225,225
576,225,225
577,512,512
578,225,225
579,850,872
580,203,248
581,733,781
582,225,225
583,225,225
584,225,225
585,728,725
586,850,745
587,236,251
588,220,275
589,227,300
590,214,236
591,468,444
592,642,361
593,750,750
594,251,273
595,420,280
596,230,274
597,629,585
598,420,280
599,630,630
600,237,248
601,275,301
602,217,248
603,442,442
604,442,442
605,409,442
606,410,490
607,225,225
608,407,485
609,442,442
610,414,496
611,411,496
612,222,252
613,225,259
614,236,260
615,236,236
616,236,236
617,220,275
618,150,198
619,236,290
620,235,229
621,210,234
622,236,263
623,236,243
624,234,234
625,212,280
626,236,269
627,236,252
628,236,269
629,236,220
630,236,236
631,236,260
632,236,236
633,235,214
634,236,236
635,216,202
636,235,227
637,236,201
638,236,236
639,236,294
640,235,244
641,236,236
642,226,213
643,210,201
644,235,215
645,236,231
646,441,442
647,225,225
648,227,222
649,428,417
650,228,221
651,225,225
652,630,630
653,630,630
654,150,198
655,300,168
656,150,198
657,173,201
658,201,250
659,225,225
660,222,252
661,504,540
662,225,225
663,550,664
664,512,512
665,680,680
666,468,444
667,630,630
668,428,417
669,300,168
670,236,236
671,150,198
672,428,417
673,201,250
674,225,225
675,359,449
676,300,168
677,225,225
678,380,530
679,300,168
680,225,225
681,194,259
682,206,244
683,468,444
684,359,449
685,225,225
686,504,540
687,428,417
688,630,630
689,456,501
690,201,251
691,200,252
692,218,231
693,173,201
694,300,168
695,225,225
696,225,225
697,428,417
698,173,201
699,275,183
700,236,201
701,200,252
702,215,234
703,225,225
704,428,417
705,173,201
706,225,225
707,504,540
708,225,225
709,728,725
710,236,231
711,550,664
712,442,454
713,225,225
714,630,630
715,201,250
716,196,257
717,504,540
718,400,442
719,853,480
720,512,512
721,680,680
722,468,444
723,630,630
724,630,630
725,225,225
726,201,251
727,428,417
728,504,488
729,225,225
730,630,630
731,468,444
732,359,449
733,630,630
734,300,168
735,225,225
736,428,417
737,225,225
738,630,630
739,630,630
740,504,540
741,512,512
742,512,512
743,201,250
744,225,225
745,220,275
746,300,168
747,225,225
748,300,168
749,218,231
750,215,234
751,236,213
752,192,192
753,300,168
754,150,198
755,228,221
756,227,222
757,201,251
758,428,417
759,504,540
760,550,664
761,442,442
762,512,512
763,680,680
764,468,444
765,225,225
766,359,449
767,225,225
768,630,630
769,218,231
770,442,442
771,630,630
772,393,400
773,215,234
774,468,444
775,442,454
776,630,630
777,680,680
778,468,444
779,359,449
780,630,630
781,504,540
782,550,664
783,680,680
784,642,361
785,208,248
786,201,250
787,225,225
788,225,225
789,355,452
790,300,168
791,300,168
792,225,225
793,428,417
794,232,217
795,504,540
796,442,442
797,512,512
798,225,225
799,630,630
800,512,512
801,220,275
802,234,225
803,236,236
804,225,225
805,354,443
806,235,229
807,201,250
808,442,442
809,227,222
810,234,224
811,220,275
812,206,244
813,227,222
814,201,251
815,225,225
816,393,400
817,237,248
818,442,454
819,300,168
820,173,201
821,225,225
822,225,225
823,227,222
824,428,417
825,225,225
826,400,442
827,201,251
828,400,442
829,630,630
830,630,630
831,630,630
832,442,442
833,605,613
834,332,442
835,225,225
836,630,630
837,442,442
838,225,225
839,225,225
840,512,512
841,411,501
842,225,225
843,393,400
844,630,630
845,680,680
846,442,442
847,359,449
848,494,600
849,236,290
850,275,301
851,300,168
852,201,250
853,236,262
854,236,243
855,220,275
856,200,252
857,225,225
858,225,225
859,350,350
860,417,424
861,416,512
862,200,252
863,208,248
864,336,380
865,1024,1024
866,630,630
867,442,442
868,201,250
869,442,442
870,393,400
871,235,227
872,1024,1024
873,236,218
874,850,872
875,225,225
876,728,725
877,201,250
878,232,217
879,227,300
880,225,225
881,442,442
882,409,442
883,225,225
884,225,225
885,222,252
886,232,217
887,225,225
888,605,613
889,236,236
890,225,225
891,215,234
892,300,168
893,236,251
894,225,225
895,655,602
896,225,225
897,220,275
898,196,257
899,630,630
900,442,442
901,225,225
902,225,225
903,225,225
904,504,540
905,200,252
906,234,218
907,1024,1024
908,300,168
909,233,222
910,442,442
911,630,630
912,442,454
913,630,630
914,235,214
915,200,252
916,236,236
917,236,263
918,235,227
919,442,442
920,300,168
921,350,350
922,504,540
923,212,280
924,227,222
925,420,280
926,528,528
927,225,225
928,236,243
929,236,251
930,236,213
931,825,832
932,314,258
933,225,225
934,512,512
935,300,168
936,655,602
937,630,630
938,207,225
939,225,225
940,234,224
941,447,251
942,512,512
943,225,225
944,227,222
945,225,225
946,201,251
947,300,168
948,550,664
949,411,501
950,236,243
951,600,450
952,235,215
953,228,221
954,150,198
955,442,442
956,225,225
957,442,442
958,428,417
959,236,250
960,1000,583
961,233,228
962,300,168
963,350,350
964,450,504
965,210,213
966,350,350
967,227,222
968,300,168
969,350,350
970,235,304
971,236,236
972,442,454
973,640,640
974,642,361
975,235,227
976,853,480
977,173,201
978,222,252
979,1280,720
980,442,454
981,755,824
982,504,540
983,220,275
984,512,512
985,416,512
986,234,234
987,300,168
988,400,442
989,218,231
990,428,417
991,409,442
992,262,244
993,300,168
994,652,600
995,236,236
996,150,198
997,468,444
998,512,512
999,442,442
1000,225,225
1001,236,262
1002,236,239
1003,236,366
1004,428,417
1005,236,294
1006,600,519
1007,926,649
1008,201,250
1009,630,630
1010,225,225
1011,400,442
1012,200,252
1013,200,252
1014,236,218
1015,225,225
1016,642,361
1017,216,293
1018,329,310
1019,550,664
1020,216,202
1021,214,236
1022,350,350
1023,218,231
1024,550,664
1025,225,225
1026,206,244
1027,1024,1024
1028,512,512
1029,236,236
1030,214,236
1031,416,512
1032,468,444
1033,626,575
1034,201,244
1035,630,630
1036,236,226
1037,225,225
1038,275,301
1039,420,280
1040,225,225
1041,206,244
1042,236,236
1043,630,630
1044,442,454
1045,626,686
1046,300,168
1047,605,613
1048,468,444
1049,224,262
1050,236,236
1051,225,225
1052,236,236
1053,225,225
1054,359,449
1055,225,225
1056,201,251
1057,442,442
1058,225,225
1059,411,496
1060,359,449
1061,201,250
1062,852,480
1063,680,680
1064,332,442
1065,225,225
1066,201,251
1067,220,275
1068,785,848
1069,236,236
1070,1000,583
1071,442,442
1072,442,442
1073,206,244
1074,494,600
1075,300,168
1076,680,680
1077,225,225
1078,225,225
1079,630,630
1080,233,243
1081,215,234
1082,196,257
1083,206,244
1084,442,454
1085,630,630
1086,225,225
1087,173,201
1088,512,512
1089,200,252
1090,225,225
1091,253,239
1092,468,444
1093,236,290
1094,442,442
1095,629,585
1096,236,263
1097,236,236
1098,236,236
1099,236,236
1100,201,250
1101,630,630
1102,196,257
1103,219,211
1104,225,225
1105,236,216
1106,428,417
1107,227,222
1108,192,192
1109,215,234
1110,201,250
1111,409,442
1112,236,260
1113,225,225
1114,630,630
1115,225,225
1116,428,417
1117,200,252
1118,642,361
1119,225,225
1120,442,454
1121,236,236
1122,225,225
1123,150,198
1124,630,630
1125,236,268
1126,630,630
1127,717,717
1128,468,444
1129,236,236
1130,236,269
1131,296,320
1132,630,630
1133,220,275
1134,850,872
1135,225,225
1136,648,674
1137,232,217
1138,150,198
1139,225,225
1140,626,575
1141,332,442
1142,300,168
1143,504,540
1144,428,417
1145,416,512
1146,173,201
1147,232,217
1148,221,257
1149,214,236
1150,420,280
1151,235,229
1152,630,630
1153,227,222
1154,225,225
1155,1375,1446
1156,550,664
1157,442,442
1158,800,693
1159,235,233
1160,236,236
1161,236,290
1162,630,630
1163,201,250
1164,255,236
1165,173,201
1166,420,280
1167,350,350
1168,400,442
1169,605,613
1170,393,400
1171,350,350
1172,350,350
1173,428,417
1174,400,442
1175,442,442
1176,201,250
1177,630,630
1178,236,240
1179,236,222
1180,630,630
1181,680,680
1182,630,630
1183,225,225
1184,225,225
1185,852,480
1186,225,225
1187,428,417
1188,468,444
1189,226,213
1190,393,400
1191,177,197
1192,359,449
1193,630,630
1194,208,217
1195,642,361
1196,680,680
1197,225,225
1198,236,252
1199,504,540
1200,236,236
1201,201,250
1202,442,442
1203,227,222
1204,225,225
1205,236,260
1206,236,251
1207,235,244
1208,228,221
1209,850,745
1210,630,630
1211,500,500
1212,236,221
1213,275,301
1214,630,630
1215,225,225
1216,630,630
1217,300,168
1218,642,361
1219,680,680
1220,236,232
1221,420,280
1222,275,183
1223,472,537
1224,680,680
1225,428,417
1226,236,290
1227,428,417
1228,359,449
1229,417,424
1230,225,225
1231,428,417
1232,630,630
1233,200,210
1234,630,630
1235,232,217
1236,504,540
1237,428,417
1238,173,201
1239,225,225
1240,630,630
1241,236,218
1242,236,236
1243,428,417
1244,314,258
1245,150,198
1246,236,236
1247,630,630
1248,680,680
1249,234,218
1250,359,449
1251,200,252
1252,225,225
1253,227,222
1254,235,229
1255,442,442
1256,173,201
1257,150,198
1258,222,252
1259,225,225
1260,225,225
1261,234,224
1262,218,231
1263,225,225
1264,590,332
1265,225,225
1266,225,225
1267,227,262
1268,201,250
1269,468,444
1270,442,442
1271,206,244
1272,442,442
1273,215,234
1274,227,222
1275,442,442
1276,200,252
1277,428,417
1278,225,225
1279,236,236
1280,210,234
1281,359,449
1282,227,222
1283,228,221
1284,234,234
1285,300,168
1286,225,225
1287,233,210
1288,225,225
1289,194,259
1290,236,270
1291,225,225
1292,218,231
1293,236,290
1294,236,262
1295,227,222
1296,225,225
1297,236,260
1298,236,263
1299,300,168
1300,227,222
1301,225,225
1302,227,222
1303,234,218
1304,225,225
1305,225,225
1306,225,225
1307,150,198
1308,150,198
1309,630,630
1310,468,444
1311,442,454
1312,234,224
1313,236,236
1314,225,225
1315,236,252
1316,200,252
1317,420,280
1318,236,268
1319,236,243
1320,201,250
1321,225,225
1322,200,252
1323,232,217
1324,201,251
1325,393,400
1326,236,236
1327,359,449
1328,228,221
1329,236,231
1330,206,244
1331,359,449
1332,642,361
1333,359,449
1334,225,225
1335,512,512
1336,225,225
1337,630,630
1338,225,225
1339,215,234
1340,236,290
1341,200,252
1342,300,168
1343,420,280
1344,300,168
1345,236,262
1346,236,269
1347,200,252
1348,468,444
1349,235,233
1350,208,217
1351,442,454
1352,630,630
1353,227,222
1354,206,244
1355,504,540
1356,300,168
1357,225,259
1358,194,259
1359,218,231
1360,356,474
1361,236,236
1362,630,630
1363,321,351
1364,208,242
1365,275,183
1366,215,234
1367,236,260
1368,234,218
1369,236,251
1370,225,225
1371,221,257
1372,233,210
1373,212,280
1374,236,280
1375,201,251
1376,300,168
1377,225,225
1378,442,442
1379,212,236
1380,642,361
1381,236,263
1382,236,257
1383,224,262
1384,236,236
1385,504,540
1386,800,693
1387,630,630
1388,630,630
1389,630,630
1390,630,630
1391,442,442
1392,630,630
1393,393,400
1394,355,452
1395,236,250
1396,442,442
1397,359,449
1398,236,270
1399,236,236
1400,208,217
1401,234,218
1402,236,251
1403,236,260
1404,236,236
1405,300,168
1406,220,275
1407,236,243
1408,236,269
1409,236,221
1410,236,236
1411,236,236
1412,235,257
1413,236,236
1414,216,202
1415,236,236
1416,235,227
1417,236,201
1418,236,236
1419,236,294
1420,226,213
1421,235,215
1422,550,664
1423,236,226
1424,236,366
1425,210,213
1426,233,210
1427,236,366
1428,236,216
1429,236,236
1430,235,216
1431,236,250
1432,225,225
1433,236,232
1434,233,228
1435,655,602
1436,447,251
1437,350,350
1438,233,218
1439,236,236
1440,236,236
1441,173,201
1442,236,269
1443,200,210
1444,236,236
1445,236,236
1446,236,269
1447,232,216
1448,236,223
1449,236,236
1450,236,236
1451,680,680
1452,236,236
1453,236,236
1454,236,220
1455,236,236
1456,600,450
1457,652,600
1458,926,649
1459,256,256
1460,655,602
1461,230,274
1462,225,225
1463,926,649
1464,500,500
1465,648,674
1466,1024,1024
1467,630,630
1468,227,222
1469,442,442
1470,1000,583
1471,630,630
1472,724,851
1473,626,575
1474,224,262
1475,296,320
1476,208,242
1477,300,168
1478,225,225
1479,512,512
1480,850,872
1481,203,248
1482,733,781
1483,225,225
1484,600,605
1485,229,280
1486,225,225
1487,728,725
1488,442,442
1489,850,745
1490,232,217
1491,227,300
1492,629,585
1493,201,244
1494,640,640
1495,640,640
1496,640,640
1497,640,640
1498,630,630
1499,640,640
1500,640,640
1501,640,640
1502,640,640
1503,640,640
1504,640,640
1505,640,640
1506,640,640
1507,640,640
1508,640,640
1509,640,640
1510,640,640
1511,640,640
1512,640,640
1513,236,223
1514,755,824
1515,640,640
1516,640,640
1517,640,640
1518,640,640
1519,640,640
1520,640,640
1521,640,640
1522,225,225
1523,640,640
1524,640,640
1525,640,640
1526,640,640
1527,640,640
1528,640,640
1529,640,640
1530,428,417
1531,640,640
1532,640,640
1533,640,640
1534,640,640
1535,640,640
1536,640,640
1537,640,640
1538,640,640
1539,640,640
1540,225,225
1541,640,640
1542,640,640
1543,640,640
1544,640,640
1545,640,640
1546,640,640
1547,640,640
1548,640,640
1549,640,640
1550,640,640
1551,640,640
1552,640,640
1553,640,640
1554,640,640
1555,640,640
1556,640,640
1557,640,640
1558,410,490
1559,256,256
1560,256,256
1561,256,256
1562,256,256
1563,256,256
1564,256,256
1565,256,256
1566,224,224
1567,256,256
1568,256,256
1569,256,256
1570,256,256
1571,256,256
1572,256,256
1573,256,256
1574,256,256
1575,256,256
1576,256,256
1577,256,256
1578,256,256
1579,256,256
1580,256,256
1581,225,225
1582,256,256
1583,256,256
1584,256,256
1585,256,256
1586,256,256
1587,256,256
1588,512,512
1589,224,224
1590,256,256
1591,256,256
1592,224,224
1593,256,256
1594,256,256
1595,256,256
1596,256,256
1597,256,256
1598,512,512
1599,512,512
1600,512,512
1601,512,512
1602,512,512
1603,512,512
1604,512,512
1605,512,512
1606,512,512
1607,512,512
1608,512,512
1609,512,512
1610,512,512
1611,512,512
1612,512,512
1613,512,512
1614,512,512
1615,512,512
1616,512,512
1617,512,512
1618,512,512
1619,512,512
1620,512,512
1621,512,512
1622,512,512
1623,512,512
1624,512,512
1625,512,512
1626,512,512
1627,512,512
1628,512,512
1629,512,512
1630,512,512
1631,512,512
1632,512,512
1633,512,512
1634,512,512
1635,512,512
1636,512,512
1637,512,512
1638,512,512
1639,512,512
1640,512,512
1641,512,512
1642,512,512
1643,512,512
1644,512,512
1645,512,512
1646,512,512
1647,512,512
1648,512,512
1649,512,512
1650,512,512
1651,512,512
1652,512,512
1653,512,512
1654,512,512
1655,512,512
1656,512,512
1657,512,512
1658,512,512
1659,512,512
1660,512,512
1661,512,512
1662,512,512
1663,512,512
1664,512,512
1665,512,512
1666,512,512
1667,512,512
1668,512,512
1669,512,512
1670,512,512
1671,512,512
1672,512,512
1673,512,512
1674,512,512
1675,512,512
1676,512,512
1677,512,512
1678,512,512
1679,512,512
1680,512,512
1681,512,512
1682,512,512
1683,512,512
1684,512,512
1685,512,512
1686,512,512
1687,512,512
1688,512,512
1689,512,512
1690,512,512
1691,512,512
1692,512,512
1693,512,512
1694,512,512
1695,512,512
1696,512,512
1697,512,512
1698,512,512
1699,512,512
1700,512,512
1701,512,512
1702,512,512
1703,512,512
1704,512,512
1705,512,512
1706,512,512
1707,512,512
1708,512,512
1709,512,512
1710,512,512
1711,512,512
1712,512,512
1713,512,512
1714,512,512
1715,512,512
1716,512,512
1717,512,512
1718,512,512
1719,512,512
1720,512,512
1721,512,512
1722,512,512
1723,512,512
1724,512,512
1725,512,512
1726,512,512
1727,512,512
1728,512,512
1729,512,512
1730,512,512
1731,512,512
1732,512,512
1733,512,512
1734,512,512
1735,512,512
1736,512,512
1737,512,512
1738,512,512
1739,512,512
1740,512,512
1741,512,512
1742,512,512
1743,512,512
1744,512,512
1745,512,512
1746,512,512
1747,512,512
1748,512,512
1749,512,512
1750,512,512
1751,512,512
1752,512,512
1753,512,512
1754,512,512
1755,512,512
1756,512,512
1757,512,512
1758,512,512
1759,512,512
1760,512,512
1761,512,512
1762,512,512
1763,512,512
1764,512,512
1765,512,512
1766,512,512
1767,512,512
1768,512,512
1769,512,512
1770,512,512
1771,512,512
1772,512,512
1773,512,512
1774,512,512
1775,512,512
1776,512,512
1777,512,512
1778,512,512
1779,512,512
1780,512,512
1781,512,512
1782,512,512
1783,512,512
1784,512,512
1785,512,512
1786,512,512
1787,512,512
1788,512,512
1789,512,512
1790,512,512
1791,512,512
1792,512,512
1793,512,512
1794,512,512
1795,512,512
1796,512,512
1797,512,512
1798,512,512
1799,512,512
1800,512,512
1801,512,512
1802,512,512
1803,512,512
1804,512,512
1805,512,512
1806,512,512
1807,512,512
1808,512,512
1809,512,512
1810,512,512
1811,512,512
1812,512,512
1813,512,512
1814,512,512
1815,512,512
1816,512,512
1817,512,512
1818,512,512
1819,512,512
1820,512,512
1821,512,512
1822,512,512
1823,512,512
1824,512,512
1825,512,512
1826,512,512
1827,512,512
1828,512,512
1829,512,512
1830,512,512
1831,512,512
1832,512,512
1833,512,512
1834,512,512
1835,512,512
1836,512,512
1837,512,512
1838,512,512
1839,512,512
1840,512,512
1841,512,512
1842,512,512
1843,512,512
1844,512,512
1845,512,512
1846,512,512
1847,512,512
1848,512,512
1849,512,512
1850,512,512
1851,512,512
1852,512,512
1853,512,512
1854,512,512
1855,512,512
1856,512,512
1857,512,512
1858,512,512
1859,512,512
1860,512,512
1861,512,512
1862,512,512
1863,512,512
1864,512,512
1865,512,512
1866,512,512
1867,512,512
1868,512,512
1869,512,512
1870,512,512
1871,512,512
1872,512,512
1873,512,512
1874,512,512
1875,512,512
1876,512,512
1877,512,512
1878,512,512
1879,512,512
1880,512,512
1881,512,512
1882,512,512
1883,512,512
1884,512,512
1885,512,512
1886,512,512
1887,512,512
1888,512,512
1889,512,512
1890,512,512
1891,512,512
1892,512,512
1893,512,512
1894,512,512
1895,512,512
1896,512,512
1897,512,512
1898,512,512
1899,512,512
1900,512,512
1901,512,512
1902,512,512
1903,512,512
1904,512,512
1905,512,512
1906,512,512
1907,512,512
1908,512,512
1909,512,512
1910,512,512
1911,512,512
1912,512,512
1913,512,512
1914,512,512
1915,512,512
1916,512,512
1917,512,512
1918,512,512
1919,512,512
1920,512,512
1921,512,512
1922,512,512
1923,512,512
1924,512,512
1925,512,512
1926,512,512
1927,512,512
1928,512,512
1929,512,512
1930,512,512
1931,512,512
1932,512,512
1933,512,512
1934,512,512
1935,512,512
1936,512,512
1937,512,512
1938,512,512
1939,512,512
1940,512,512
1941,512,512
1942,512,512
1943,512,512
1944,512,512
1945,512,512
1946,512,512
1947,512,512
1948,512,512
1949,512,512
1950,512,512
1951,512,512
1952,512,512
1953,512,512
1954,512,512
1955,512,512
1956,512,512
1957,512,512
1958,512,512
1959,512,512
1960,512,512
1961,512,512
1962,512,512
1963,512,512
1964,512,512
1965,512,512
1966,512,512
1967,512,512
1968,512,512
1969,512,512
1970,512,512
1971,512,512
1972,512,512
1973,512,512
1974,512,512
1975,512,512
1976,512,512
1977,512,512
1978,512,512
1979,512,512
1980,512,512
1981,512,512
1982,512,512
1983,512,512
1984,512,512
1985,512,512
1986,512,512
1987,512,512
1988,512,512
1989,512,512
1990,512,512
1991,512,512
1992,512,512
1993,512,512
1994,512,512
1995,512,512
1996,512,512
1997,512,512
1998,512,512
1999,512,512
2000,512,512
2001,512,512
2002,512,512
2003,512,512
2004,512,512
2005,512,512
2006,512,512
2007,512,512
2008,512,512
2009,512,512
2010,512,512
2011,512,512
2012,512,512
2013,512,512
2014,512,512
2015,512,512
2016,512,512
2017,512,512
2018,512,512
2019,512,512
2020,512,512
2021,512,512
2022,512,512
2023,512,512
2024,512,512
2025,512,512
2026,512,512
2027,512,512
2028,512,512
2029,512,512
2030,512,512
2031,512,512
2032,512,512
2033,512,512
2034,512,512
2035,512,512
2036,512,512
2037,512,512
2038,512,512
2039,512,512
2040,512,512
2041,512,512
2042,512,512
2043,512,512
2044,512,512
2045,512,512
2046,512,512
2047,512,512
2048,512,512
2049,512,512
2050,512,512
2051,512,512
2052,512,512
2053,512,512
2054,512,512
2055,512,512
2056,512,512
2057,512,512
2058,512,512
2059,512,512
2060,512,512
2061,512,512
2062,512,512
2063,512,512
2064,512,512
2065,512,512
2066,512,512
2067,512,512
2068,512,512
2069,512,512
2070,512,512
2071,512,512
2072,512,512
2073,512,512
2074,512,512
2075,512,512
2076,512,512
2077,512,512
2078,512,512
2079,512,512
2080,512,512
2081,512,512
2082,512,512
2083,512,512
2084,512,512
2085,512,512
2086,512,512
2087,512,512
2088,512,512
2089,512,512
2090,512,512
2091,512,512
2092,512,512
2093,512,512
2094,512,512
2095,512,512
2096,512,512
2097,512,512
2098,512,512
2099,512,512
2100,512,512
2101,512,512
2102,512,512
2103,512,512
2104,512,512
2105,512,512
2106,512,512
2107,512,512
2108,512,512
2109,512,512
2110,512,512
2111,512,512
2112,512,512
2113,512,512
2114,512,512
2115,512,512
2116,512,512
2117,512,512
2118,512,512
2119,512,512
2120,512,512
2121,512,512
2122,512,512
2123,512,512
2124,512,512
2125,512,512
2126,512,512
2127,512,512
2128,512,512
2129,512,512
2130,512,512
2131,512,512
2132,512,512
2133,512,512
2134,512,512
2135,512,512
2136,512,512
2137,512,512
2138,512,512
2139,512,512
2140,512,512
2141,512,512
2142,512,512
2143,512,512
2144,512,512
2145,512,512
2146,512,512
2147,512,512
2148,512,512
2149,512,512
2150,512,512
2151,512,512
2152,512,512
2153,512,512
2154,512,512
2155,512,512
2156,512,512
2157,512,512
2158,512,512
2159,512,512
2160,512,512
2161,512,512
2162,512,512
2163,512,512
2164,512,512
2165,512,512
2166,512,512
2167,512,512
2168,512,512
2169,512,512
2170,512,512
2171,512,512
2172,512,512
2173,512,512
2174,512,512
2175,512,512
2176,512,512
2177,512,512
2178,512,512
2179,512,512
2180,512,512
2181,512,512
2182,512,512
2183,512,512
2184,512,512
2185,512,512
2186,512,512
2187,512,512
2188,512,512
2189,512,512
2190,512,512
2191,512,512
2192,512,512
2193,512,512
2194,512,512
2195,512,512
2196,512,512
2197,512,512
2198,512,512
2199,512,512
2200,512,512
2201,512,512
2202,512,512
2203,512,512
2204,512,512
2205,512,512
2206,512,512
2207,512,512
2208,512,512
2209,512,512
2210,512,512
2211,512,512
2212,512,512
2213,512,512
2214,512,512
2215,512,512
2216,512,512
2217,512,512
2218,512,512
2219,512,512
2220,512,512
2221,512,512
2222,512,512
2223,512,512
2224,512,512
2225,512,512
2226,512,512
2227,512,512
2228,512,512
2229,512,512
2230,512,512
2231,512,512
2232,512,512
2233,512,512
2234,512,512
2235,512,512
2236,512,512
2237,512,512
2238,512,512
2239,512,512
2240,512,512
2241,512,512
2242,512,512
2243,512,512
2244,367,395
2245,238,212
2246,369,398
2247,512,512
2248,225,225
2249,512,512
2250,512,512
2251,512,512
2252,215,234
2253,512,512
2254,512,512
2255,512,512
2256,512,512
2257,540,568
2258,201,251
2259,174,230
2260,225,225
2261,512,512
2262,209,241
2263,254,325
2264,512,512
2265,200,252
2266,286,356
2267,512,512
2268,315,315
2269,512,512
2270,341,395
2271,512,512
2272,374,370
2273,512,512
2274,278,306
2275,210,240
2276,512,512
2277,239,248
2278,512,512
2279,512,512
2280,512,512
2281,313,393
2282,512,512
2283,512,512
2284,512,512
2285,512,512
2286,512,512
2287,512,512
2288,315,341
2289,512,512
2290,455,500
2291,512,512
2292,512,512
2293,512,512
2294,512,512
2295,290,339
2296,512,512
2297,512,512
2298,512,512
2299,257,248
2300,512,512
2301,291,340
2302,512,512
2303,534,674
2304,217,232
2305,512,512
2306,228,221
2307,512,512
2308,512,512
2309,512,512
2310,512,512
2311,208,243
2312,512,512
2313,512,512
2314,512,512
2315,300,412
2316,512,512
2317,512,512
2318,323,342
2319,512,512
2320,213,237
2321,200,223
2322,512,512
2323,512,512
2324,512,512
2325,200,235
2326,201,251
2327,304,410
2328,1149,1019
2329,512,512
2330,411,396
2331,512,512
2332,512,512
2333,257,307
2334,512,512
2335,290,342
2336,512,512
2337,512,512
2338,512,512
2339,440,278
2340,591,650
2341,512,512
2342,512,512
2343,507,605
2344,512,512
2345,512,512
2346,234,216
2347,512,512
2348,232,261
2349,306,306
2350,512,512
2351,512,512
2352,512,512
2353,455,500
2354,512,512
2355,512,512
2356,512,512
2357,512,512
2358,512,512
2359,512,512
2360,512,512
2361,512,512
2362,512,512
2363,512,512
2364,512,512
2365,512,512
2366,512,512
2367,264,336
2368,512,512
2369,512,512
2370,512,512
2371,512,512
2372,234,216
2373,512,512
2374,512,512
2375,512,512
2376,250,270
2377,512,512
2378,512,512
2379,416,395
2380,512,512
2381,512,512
2382,512,512
2383,512,512
2384,306,306
2385,512,512
2386,512,512
2387,512,512
2388,512,512
2389,512,512
2390,512,512
2391,512,512
2392,512,512
2393,512,512
2394,200,252
2395,512,512
2396,215,220
2397,512,512
2398,442,442
2399,512,512
2400,512,512
2401,512,512
2402,512,512
2403,290,339
2404,512,512
2405,512,512
2406,512,512
2407,329,314
2408,512,512
2409,512,512
2410,512,512
2411,512,512
2412,512,512
2413,512,512
2414,512,512
2415,512,512
2416,512,512
2417,512,512
2418,554,554
2419,512,512
2420,512,512
2421,212,238
2422,512,512
2423,455,500
2424,512,512
2425,512,512
2426,512,512
2427,512,512
2428,512,512
2429,512,512
2430,512,512
2431,512,512
2432,512,512
2433,512,512
2434,512,512
2435,512,512
2436,512,512
2437,512,512
2438,512,512
2439,512,512
2440,512,512
2441,512,512
2442,512,512
2443,512,512
2444,512,512
2445,512,512
2446,512,512
2447,512,512
2448,512,512
2449,512,512
2450,512,512
2451,512,512
2452,512,512
2453,512,512
2454,512,512
2455,512,512
2456,512,512
2457,512,512
2458,298,354
2459,201,251
2460,512,512
2461,512,512
2462,512,512
2463,512,512
2464,512,512
2465,512,512
2466,300,258
2467,512,512
2468,512,512
2469,512,512
2470,257,307
2471,512,512
2472,512,512
2473,512,512
2474,512,512
2475,512,512
2476,512,512
2477,512,512
2478,512,512
2479,512,512
2480,512,512
2481,512,512
2482,512,512
2483,512,512
2484,512,512
2485,512,512
2486,512,512
2487,512,512
2488,512,512
2489,214,216
2490,512,512
2491,512,512
2492,512,512
2493,512,512
2494,512,512
2495,512,512
2496,232,261
2497,512,512
2498,512,512
2499,512,512
2500,512,512
2501,512,512
2502,512,512
2503,512,512
2504,512,512
2505,512,512
2506,512,512
2507,512,512
2508,512,512
2509,512,512
2510,512,512
2511,200,223
2512,512,512
2513,554,554
2514,512,512
2515,512,512
2516,512,512
2517,512,512
2518,512,512
2519,512,512
2520,512,512
2521,512,512
2522,512,512
2523,512,512
2524,512,512
2525,512,512
2526,512,512
2527,295,394
2528,512,512
2529,512,512
2530,512,512
2531,512,512
2532,512,512
2533,512,512
2534,512,512
2535,512,512
2536,512,512
2537,512,512
2538,512,512
2539,512,512
2540,512,512
2541,512,512
2542,512,512
2543,512,512
2544,225,225
2545,825,993
2546,512,512
2547,512,512
2548,512,512
2549,512,512
2550,512,512
2551,512,512
2552,512,512
2553,512,512
2554,512,512
2555,369,398
2556,512,512
2557,512,512
2558,512,512
2559,512,512
2560,512,512
2561,512,512
2562,210,240
2563,512,512
2564,512,512
2565,512,512
2566,512,512
2567,512,512
2568,512,512
2569,512,512
2570,512,512
2571,512,512
2572,512,512
2573,512,512
2574,512,512
2575,512,512
2576,512,512
2577,512,512
2578,512,512
2579,341,395
2580,512,512
2581,512,512
2582,512,512
2583,512,512
2584,512,512
2585,512,512
2586,512,512
2587,512,512
2588,512,512
2589,512,512
2590,512,512
2591,512,512
2592,512,512
2593,512,512
2594,512,512
2595,512,512
2596,512,512
2597,512,512
2598,512,512
2599,512,512
2600,512,512
2601,512,512
2602,512,512
2603,512,512
2604,312,401
2605,480,480
2606,512,512
2607,512,512
2608,512,512
2609,512,512
2610,512,512
2611,512,512
2612,512,512
2613,512,512
2614,512,512
2615,512,512
2616,512,512
2617,512,512
2618,491,624
2619,512,512
2620,512,512
2621,512,512
2622,512,512
2623,512,512
2624,512,512
2625,512,512
2626,512,512
2627,1149,1019
2628,512,512
2629,512,512
2630,512,512
2631,472,546
2632,512,512
2633,512,512
2634,512,512
2635,512,512
2636,512,512
2637,512,512
2638,420,264
2639,512,512
2640,374,456
2641,512,512
2642,442,442
2643,512,512
2644,512,512
2645,512,512
2646,512,512
2647,512,512
2648,512,512
2649,512,512
2650,225,225
2651,512,512
2652,512,512
2653,512,512
2654,512,512
2655,512,512
2656,512,512
2657,512,512
2658,217,232
2659,238,212
2660,512,512
2661,512,512
2662,512,512
2663,512,512
2664,512,512
2665,512,512
2666,512,512
2667,512,512
2668,512,512
2669,200,235
2670,512,512
2671,512,512
2672,512,512
2673,512,512
2674,512,512
2675,512,512
2676,512,512
2677,512,512
2678,512,512
2679,512,512
2680,512,512
2681,512,512
2682,219,234
2683,512,512
2684,512,512
2685,512,512
2686,1275,1427
2687,512,512
2688,512,512
2689,343,367
2690,214,235
2691,512,512
2692,512,512
2693,512,512
2694,512,512
2695,512,512
2696,512,512
2697,512,512
2698,512,512
2699,512,512
2700,512,512
2701,512,512
2702,512,512
2703,512,512
2704,512,512
2705,512,512
2706,512,512
2707,512,512
2708,512,512
2709,512,512
2710,512,512
2711,512,512
2712,512,512
2713,512,512
2714,225,225
2715,256,256
2716,512,512
2717,512,512
2718,512,512
2719,512,512
2720,512,512
2721,512,512
2722,512,512
2723,512,512
2724,512,512
2725,512,512
2726,512,512
2727,512,512
2728,512,512
2729,512,512
2730,512,512
2731,512,512
2732,180,218
2733,209,241
2734,512,512
2735,512,512
2736,512,512
2737,512,512
2738,512,512
2739,512,512
2740,512,512
2741,512,512
2742,512,512
2743,512,512
2744,485,510
2745,512,512
2746,206,249
2747,512,512
2748,208,243
2749,512,512
2750,512,512
2751,512,512
2752,512,512
2753,512,512
2754,512,512
2755,512,512
2756,512,512
2757,512,512
2758,512,512
2759,512,512
2760,367,395
2761,512,512
2762,374,370
2763,512,512
2764,512,512
2765,512,512
2766,213,237
2767,512,512
2768,512,512
2769,512,512
2770,512,512
2771,512,512
2772,512,512
2773,512,512
2774,512,512
2775,512,512
2776,512,512
2777,512,512
2778,512,512
2779,366,395
2780,512,512
2781,512,512
2782,512,512
2783,512,512
2784,512,512
2785,512,512
2786,512,512
2787,512,512
2788,512,512
2789,300,359
2790,512,512
2791,512,512
2792,512,512
2793,512,512
2794,512,512
2795,273,326
2796,512,512
2797,323,342
2798,512,512
2799,512,512
2800,512,512
2801,512,512
2802,512,512
2803,512,512
2804,512,512
2805,512,512
2806,512,512
2807,512,512
2808,512,512
2809,512,512
2810,512,512
2811,512,512
2812,512,512
2813,512,512
2814,512,512
2815,512,512
2816,512,512
2817,225,225
2818,512,512
2819,216,234
2820,512,512
2821,512,512
2822,315,341
2823,512,512
2824,512,512
2825,512,512
2826,512,512
2827,512,512
2828,512,512
2829,512,512
2830,512,512
2831,512,512
2832,512,512
2833,512,512
2834,512,512
2835,512,512
2836,512,512
2837,512,512
2838,512,512
2839,512,512
2840,512,512
2841,512,512
2842,512,512
2843,512,512
2844,512,512
2845,512,512
2846,512,512
2847,252,303
2848,512,512
2849,512,512
2850,512,512
2851,512,512
2852,512,512
2853,512,512
2854,289,354
2855,512,512
2856,512,512
2857,512,512
2858,512,512
2859,512,512
2860,512,512
2861,204,249
2862,512,512
2863,512,512
2864,512,512
2865,512,512
2866,512,512
2867,512,512
2868,286,356
2869,512,512
2870,512,512
2871,512,512
2872,512,512
2873,512,512
2874,512,512
2875,512,512
2876,530,526
2877,512,512
2878,512,512
2879,512,512
2880,512,512
2881,512,512
2882,512,512
2883,512,512
2884,306,365
2885,512,512
2886,512,512
2887,512,512
2888,512,512
2889,209,225
2890,512,512
2891,512,512
2892,512,512
2893,512,512
2894,512,512
2895,212,237
2896,512,512
2897,512,512
2898,512,512
2899,512,512
2900,315,315
2901,272,331
2902,512,512
2903,507,605
2904,291,340
2905,512,512
2906,512,512
2907,512,512
2908,512,512
2909,512,512
2910,512,512
2911,512,512
2912,305,337
2913,512,512
2914,512,512
2915,257,248
2916,512,512
2917,512,512
2918,512,512
2919,512,512
2920,512,512
2921,512,512
2922,512,512
2923,512,512
2924,512,512
2925,512,512
2926,512,512
2927,512,512
2928,512,512
2929,512,512
2930,512,512
2931,512,512
2932,512,512
2933,215,234
2934,512,512
2935,512,512
2936,512,512
2937,512,512
2938,512,512
2939,512,512
2940,512,512
2941,512,512
2942,512,512
2943,591,650
2944,225,225
2945,512,512
2946,512,512
2947,512,512
2948,512,512
2949,512,512
2950,512,512
2951,512,512
2952,512,512
2953,512,512
2954,512,512
2955,512,512
2956,512,512
2957,512,512
2958,239,224
2959,512,512
2960,512,512
2961,512,512
2962,411,396
2963,512,512
2964,512,512
2965,512,512
2966,512,512
2967,512,512
2968,512,512
2969,512,512
2970,512,512
2971,512,512
2972,512,512
2973,512,512
2974,512,512
2975,512,512
2976,512,512
2977,512,512
2978,512,512
2979,512,512
2980,512,512
2981,512,512
2982,512,512
2983,512,512
2984,512,512
2985,512,512
2986,512,512
2987,512,512
2988,512,512
2989,512,512
2990,512,512
2991,512,512
2992,512,512
2993,455,500
2994,512,512
2995,512,512
2996,512,512
2997,512,512
2998,512,512
2999,512,512
3000,512,512
3001,512,512
3002,512,512
3003,512,512
3004,512,512
3005,512,512
3006,512,512
3007,512,512
3008,528,581
3009,512,512
3010,512,512
3011,512,512
3012,512,512
3013,512,512
3014,512,512
3015,512,512
3016,512,512
3017,512,512
3018,512,512
3019,512,512
3020,512,512
3021,512,512
3022,512,512
3023,512,512
3024,512,512
3025,512,512
3026,512,512
3027,512,512
3028,512,512
3029,512,512
3030,512,512
3031,442,442
3032,552,527
3033,512,512
3034,512,512
3035,512,512
3036,512,512
3037,512,512
3038,512,512
3039,507,340
3040,512,512
3041,512,512
3042,512,512
3043,512,512
3044,512,512
3045,512,512
3046,313,393
3047,512,512
3048,512,512
3049,512,512
3050,512,512
3051,512,512
3052,512,512
3053,512,512
3054,512,512
3055,512,512
3056,512,512
3057,512,512
3058,512,512
3059,512,512
3060,441,427
3061,512,512
3062,512,512
3063,512,512
3064,512,512
3065,512,512
3066,512,512
3067,226,212
3068,512,512
3069,512,512
3070,512,512
3071,512,512
3072,512,512
3073,224,216
3074,512,512
3075,229,223
3076,512,512
3077,512,512
3078,512,512
3079,512,512
3080,512,512
3081,512,512
3082,512,512
3083,512,512
3084,512,512
3085,512,512
3086,512,512
3087,318,354
3088,512,512
3089,512,512
3090,512,512
3091,512,512
3092,512,512
3093,512,512
3094,512,512
3095,512,512
3096,512,512
3097,512,512
3098,512,512
3099,512,512
3100,512,512
3101,512,512
3102,512,512
3103,512,512
3104,512,512
3105,512,512
3106,512,512
3107,512,512
3108,512,512
3109,512,512
3110,512,512
3111,225,225
3112,512,512
3113,512,512
3114,512,512
3115,512,512
3116,513,522
3117,512,512
3118,512,512
3119,512,512
3120,512,512
3121,512,512
3122,512,512
3123,512,512
3124,512,512
3125,512,512
3126,512,512
3127,512,512
3128,512,512
3129,512,512
3130,512,512
3131,512,512
3132,512,512
3133,201,251
3134,512,512
3135,512,512
3136,290,342
3137,512,512
3138,512,512
3139,512,512
3140,512,512
3141,512,512
3142,645,439
3143,201,207
3144,512,512
3145,512,512
3146,512,512
3147,512,512
3148,512,512
3149,512,512
3150,512,512
3151,512,512
3152,512,512
3153,216,216
3154,512,512
3155,512,512
3156,512,512
3157,512,512
3158,512,512
3159,512,512
3160,512,512
3161,512,512
3162,257,320
3163,512,512
3164,512,512
3165,512,512
3166,205,251
3167,512,512
3168,455,500
3169,300,412
3170,512,512
3171,512,512
3172,216,216
3173,512,512
3174,512,512
3175,512,512
3176,201,251
3177,239,224
3178,512,512
3179,512,512
3180,480,480
3181,341,395
3182,512,512
3183,262,308
3184,512,512
3185,512,512
3186,512,512
3187,450,446
3188,512,512
3189,512,512
3190,512,512
3191,512,512
3192,512,512
3193,214,216
3194,512,512
3195,512,512
3196,512,512
3197,224,219
3198,230,241
3199,472,546
3200,512,512
3201,205,251
3202,512,512
3203,200,223
3204,512,512
3205,512,512
3206,215,220
3207,295,394
3208,352,322
3209,512,512
3210,512,512
3211,214,235
3212,528,581
3213,318,354
3214,512,512
3215,512,512
3216,491,624
3217,416,395
3218,402,396
3219,512,512
3220,512,512
3221,512,512
3222,351,398
3223,512,512
3224,512,512
3225,512,512
3226,512,512
3227,204,249
3228,289,354
3229,512,512
3230,512,512
3231,512,512
3232,441,427
3233,512,512
3234,530,526
3235,512,512
3236,512,512
3237,512,512
3238,554,554
3239,512,512
3240,512,512
3241,512,512
3242,554,554
3243,630,423
3244,512,512
3245,645,439
3246,273,326
3247,300,345
3248,225,225
3249,442,442
3250,225,225
3251,512,512
3252,512,512
3253,512,512
3254,225,225
3255,512,512
3256,512,512
3257,512,512
3258,212,238
3259,512,512
3260,210,240
3261,512,512
3262,512,512
3263,252,303
3264,512,512
3265,442,442
3266,512,512
3267,512,512
3268,512,512
3269,512,512
3270,442,442
3271,512,512
3272,512,512
3273,512,512
3274,512,512
3275,219,234
3276,305,337
3277,206,249
3278,210,240
3279,512,512
3280,512,512
3281,512,512
3282,512,512
3283,512,512
3284,512,512
3285,512,512
3286,343,367
3287,314,195
3288,512,512
3289,338,345
3290,366,395
3291,512,512
3292,512,512
3293,512,512
3294,512,512
3295,512,512
3296,512,512
3297,512,512
3298,512,512
3299,512,512
3300,512,512
3301,512,512
3302,512,512
3303,512,512
3304,512,512
3305,512,512
3306,512,512
3307,512,512
3308,512,512
3309,512,512
3310,512,512
3311,512,512
3312,512,512
3313,512,512
3314,512,512
3315,512,512
3316,512,512
3317,512,512
3318,512,512
3319,512,512
3320,512,512
3321,512,512
3322,512,512
3323,512,512
3324,1365,1365
3325,512,512
3326,512,512
3327,512,512
3328,512,512
3329,512,512
3330,512,512
3331,512,512
3332,512,512
3333,512,512
3334,512,512
3335,512,512
3336,512,512
3337,512,512
3338,512,512
3339,512,512
3340,512,512
3341,512,512
3342,512,512
3343,512,512
3344,512,512
3345,512,512
3346,512,512
3347,512,512
3348,512,512
3349,512,512
3350,512,512
3351,512,512
3352,512,512
3353,512,512
3354,512,512
3355,512,512
3356,512,512
3357,512,512
3358,512,512
3359,512,512
3360,685,681
3361,512,512
3362,512,512
3363,512,512
3364,512,512
3365,512,512
3366,512,512
3367,512,512
3368,512,512
3369,512,512
3370,721,903
3371,512,512
3372,512,512
3373,512,512
3374,512,512
3375,512,512
3376,512,512
3377,512,512
3378,512,512
3379,512,512
3380,512,512
3381,512,512
3382,512,512
3383,512,512
3384,512,512
3385,512,512
3386,512,512
3387,512,512
3388,512,512
3389,512,512
3390,512,512
3391,512,512
3392,512,512
3393,512,512
3394,1280,1280
3395,512,512
3396,512,512
3397,512,512
3398,512,512
3399,512,512
3400,512,512
3401,512,512
3402,512,512
3403,512,512
3404,512,512
3405,512,512
3406,512,512
3407,474,474
3408,512,512
3409,512,512
3410,512,512
3411,512,512
3412,512,512
3413,512,512
3414,512,512
3415,512,512
3416,512,512
3417,512,512
3418,512,512
3419,512,512
3420,512,512
3421,512,512
3422,512,512
3423,512,512
3424,512,512
3425,512,512
3426,512,512
3427,512,512
3428,512,512
3429,512,512
3430,512,512
3431,512,512
3432,512,512
3433,512,512
3434,512,512
3435,512,512
3436,512,512
3437,512,512
3438,512,512
3439,512,512
3440,512,512
3441,512,512
3442,512,512
3443,512,512
3444,512,512
3445,512,512
3446,512,512
3447,512,512
3448,512,512
3449,512,512
3450,512,512
3451,940,900
3452,512,512
3453,512,512
3454,512,512
3455,512,512
3456,512,512
3457,512,512
3458,512,512
3459,512,512
3460,512,512
3461,512,512
3462,512,512
3463,512,512
3464,512,512
3465,512,512
3466,512,512
3467,512,512
3468,512,512
3469,512,512
3470,512,512
3471,512,512
3472,512,512
3473,512,512
3474,512,512
3475,512,512
3476,512,512
3477,512,512
3478,512,512
3479,512,512
3480,512,512
3481,512,512
3482,512,512
3483,512,512
3484,512,512
3485,512,512
3486,512,512
3487,512,512
3488,512,512
3489,512,512
3490,512,512
3491,512,512
3492,512,512
3493,512,512
3494,512,512
3495,512,512
3496,512,512
3497,512,512
3498,512,512
3499,512,512
3500,512,512
3501,512,512
3502,512,512
3503,512,512
3504,512,512
3505,512,512
3506,512,512
3507,512,512
3508,512,512
3509,512,512
3510,512,512
3511,512,512
3512,512,512
3513,512,512
3514,512,512
3515,512,512
3516,512,512
3517,512,512
3518,512,512
3519,512,512
3520,512,512
3521,512,512
3522,512,512
3523,512,512
3524,512,512
3525,512,512
3526,512,512
3527,512,512
3528,512,512
3529,512,512
3530,512,512
3531,512,512
3532,512,512
3533,512,512
3534,512,512
3535,512,512
3536,512,512
3537,512,512
3538,512,512
3539,512,512
3540,512,512
3541,512,512
3542,512,512
3543,512,512
3544,512,512
3545,512,512
3546,512,512
3547,512,512
3548,512,512
3549,512,512
3550,512,512
3551,512,512
3552,512,512
3553,512,512
3554,512,512
3555,512,512
3556,512,512
3557,512,512
3558,512,512
3559,512,512
3560,512,512
3561,512,512
3562,512,512
3563,512,512
3564,512,512
3565,512,512
3566,512,512
3567,512,512
3568,512,512
3569,512,512
3570,512,512
3571,512,512
3572,512,512
3573,512,512
3574,512,512
3575,512,512
3576,512,512
3577,512,512
3578,512,512
3579,512,512
3580,512,512
3581,512,512
3582,512,512
3583,512,512
3584,512,512
3585,512,512
3586,512,512
3587,512,512
3588,512,512
3589,512,512
3590,512,512
3591,512,512
3592,512,512
3593,512,512
3594,512,512
3595,512,512
3596,512,512
3597,512,512
3598,512,512
3599,512,512
3600,512,512
3601,512,512
3602,512,512
3603,512,512
3604,512,512
3605,512,512
3606,512,512
3607,512,512
3608,512,512
3609,512,512
3610,512,512
3611,512,512
3612,512,512
3613,512,512
3614,512,512
3615,512,512
3616,512,512
3617,512,512
3618,512,512
3619,512,512
3620,512,512
3621,512,512
3622,512,512
3623,512,512
3624,512,512
3625,512,512
3626,512,512
3627,512,512
3628,512,512
3629,512,512
3630,512,512
3631,512,512
3632,512,512
3633,512,512
3634,512,512
3635,512,512
3636,512,512
3637,512,512
3638,512,512
3639,512,512
3640,512,512
3641,512,512
3642,512,512
3643,512,512
3644,512,512
3645,512,512
3646,512,512
3647,512,512
3648,512,512
3649,512,512
3650,512,512
3651,512,512
3652,512,512
3653,512,512
3654,512,512
3655,512,512
3656,512,512
3657,512,512
3658,512,512
3659,512,512
3660,512,512
3661,512,512
3662,512,512
3663,512,512
3664,512,512
3665,512,512
3666,512,512
3667,512,512
3668,202,202
3669,512,512
3670,512,512
3671,512,512
3672,470,432
3673,512,512
3674,512,512
3675,512,512
3676,512,512
3677,512,512
3678,512,512
3679,512,512
3680,512,512
3681,512,512
3682,512,512
3683,512,512
3684,512,512
3685,512,512
3686,512,512
3687,512,512
3688,512,512
3689,512,512
3690,512,512
3691,512,512
3692,512,512
3693,512,512
3694,512,512
3695,512,512
3696,512,512
3697,512,512
3698,512,512
3699,512,512
3700,512,512
3701,512,512
3702,512,512
3703,512,512
3704,201,210
3705,512,512
3706,512,512
3707,512,512
3708,512,512
3709,512,512
3710,512,512
3711,512,512
3712,474,474
3713,512,512
3714,512,512
3715,512,512
3716,512,512
3717,512,512
3718,512,512
3719,512,512
3720,512,512
3721,512,512
3722,512,512
3723,512,512
3724,512,512
3725,512,512
3726,512,512
3727,512,512
3728,512,512
3729,512,512
3730,512,512
3731,512,512
3732,512,512
3733,512,512
3734,512,512
3735,512,512
3736,512,512
3737,512,512
3738,512,512
3739,512,512
3740,512,512
3741,512,512
3742,512,512
3743,512,512
3744,512,512
3745,512,512
3746,512,512
3747,512,512
3748,512,512
3749,512,512
3750,512,512
3751,512,512
3752,512,512
3753,512,512
3754,512,512
3755,512,512
3756,512,512
3757,512,512
3758,512,512
3759,512,512
3760,512,512
3761,512,512
3762,512,512
3763,512,512
3764,512,512
3765,512,512
3766,512,512
3767,512,512
3768,512,512
3769,512,512
3770,512,512
3771,512,512
3772,512,512
3773,512,512
3774,512,512
3775,512,512
3776,512,512
3777,512,512
3778,512,512
3779,512,512
3780,512,512
3781,512,512
3782,512,512
3783,512,512
3784,512,512
3785,512,512
3786,512,512
3787,512,512
3788,512,512
3789,512,512
3790,512,512
3791,512,512
3792,512,512
3793,512,512
3794,512,512
3795,512,512
3796,512,512
3797,512,512
3798,512,512
3799,512,512
3800,512,512
3801,512,512
3802,512,512
3803,512,512
3804,512,512
3805,512,512
3806,512,512
3807,512,512
3808,512,512
3809,512,512
3810,512,512
3811,512,512
3812,512,512
3813,512,512
3814,512,512
3815,512,512
3816,512,512
3817,512,512
3818,512,512
3819,512,512
3820,512,512
3821,512,512
3822,512,512
3823,512,512
3824,512,512
3825,512,512
3826,512,512
3827,512,512
3828,512,512
3829,512,512
3830,512,512
3831,512,512
3832,512,512
3833,512,512
3834,512,512
3835,512,512
3836,512,512
3837,512,512
3838,512,512
3839,512,512
3840,512,512
3841,512,512
3842,512,512
3843,512,512
3844,512,512
3845,512,512
3846,512,512
3847,512,512
3848,512,512
3849,512,512
3850,512,512
3851,512,512
3852,512,512
3853,512,512
3854,512,512
3855,512,512
3856,512,512
3857,512,512
3858,512,512
3859,512,512
3860,512,512
3861,512,512
3862,512,512
3863,512,512
3864,512,512
3865,512,512
3866,512,512
3867,512,512
3868,512,512
3869,512,512
3870,512,512
3871,512,512
3872,512,512
3873,512,512
3874,512,512
3875,512,512
3876,512,512
3877,512,512
3878,512,512
3879,512,512
3880,512,512
3881,512,512
3882,512,512
3883,512,512
3884,512,512
3885,512,512
3886,512,512
3887,512,512
3888,512,512
3889,512,512
3890,512,512
3891,512,512
3892,512,512
3893,512,512
3894,512,512
3895,512,512
3896,512,512
3897,512,512
3898,512,512
3899,630,630
3900,409,490
3901,512,512
3902,512,512
3903,512,512
3904,512,512
3905,512,512
3906,640,640
3907,554,554
3908,425,349
3909,474,474
3910,474,474
3911,385,490
3912,394,368
3913,383,407
3914,400,400
3915,524,581
3916,360,380
3917,306,306
3918,374,370
3919,398,397
3920,291,340
3921,630,423
3922,451,539
3923,318,354
3924,315,341
3925,286,356
3926,455,500
3927,1358,1322
3928,204,249
3929,239,224
3930,290,342
3931,338,411
3932,201,210
3933,381,461
3934,402,396
3935,343,367
3936,313,393
3937,442,442
3938,554,554
3939,367,395
3940,411,396
3941,225,225
3942,217,232
3943,233,233
3944,467,566
3945,442,442
3946,236,298
3947,197,229
3948,554,554
3949,512,512
3950,512,512
3951,512,512
3952,202,202
3953,239,248
3954,395,498
3955,305,337
3956,441,429
3957,441,429
3958,238,212
3959,225,225
3960,512,512
3961,480,480
3962,225,225
3963,225,225
3964,440,505
3965,200,235
3966,209,241
3967,215,234
3968,213,237
3969,892,826
3970,214,235
3971,225,225
3972,510,602
3973,459,563
3974,369,419
3975,528,581
3976,206,249
3977,530,526
3978,455,500
3979,472,546
3980,591,650
3981,534,674
3982,338,345
3983,512,512
3984,384,456
3985,512,512
3986,512,512
3987,512,512
3988,256,256
3989,224,224
3990,256,256
3991,224,224
3992,256,256
3993,224,224
3994,224,224
3995,256,256
3996,224,224
3997,224,224
3998,224,224
3999,224,224
4000,224,224
4001,256,256
4002,256,256
4003,224,224
4004,224,224
4005,256,256
4006,630,630
4007,256,256
4008,256,256
4009,256,256
4010,503,369
4011,256,256
4012,512,512
4013,256,256
4014,256,256
4015,224,224
4016,224,224
4017,224,224
4018,256,256
4019,512,512
4020,512,512
4021,224,224
4022,224,224
4023,512,512
4024,224,224
4025,256,256
4026,224,224
4027,256,256
4028,224,224
4029,256,256
4030,256,256
4031,512,512
4032,224,224
4033,224,224
4034,224,224
4035,224,224
4036,224,224
4037,256,256
4038,224,224
4039,256,256
4040,224,224
4041,224,224
4042,224,224
4043,512,512
4044,224,224
4045,224,224
4046,224,224
4047,224,224
4048,224,224
4049,256,256
4050,256,256
4051,224,224
4052,224,224
4053,224,224
4054,234,216
4055,224,224
4056,256,256
4057,256,256
4058,224,224
4059,224,224
4060,256,256
4061,224,224
4062,224,224
4063,224,224
4064,224,224
4065,200,235
4066,278,306
4067,512,512
4068,224,224
4069,512,512
4070,256,256
4071,256,256
4072,256,256
4073,256,256
4074,256,256
4075,256,256
4076,256,256
4077,256,256
4078,256,256
4079,256,256
4080,256,256
4081,256,256
4082,256,256
4083,256,256
4084,256,256
4085,256,256
4086,256,256
4087,256,256
4088,256,256
4089,256,256
4090,256,256
4091,256,256
4092,256,256
4093,256,256
4094,256,256
4095,256,256
4096,256,256
4097,256,256
4098,256,256
4099,256,256
4100,256,256
4101,256,256
4102,256,256
4103,256,256
4104,256,256
4105,256,256
4106,256,256
4107,256,256
4108,256,256
4109,256,256
4110,256,256
4111,474,582
4112,256,256
4113,256,256
4114,256,256
4115,256,256
4116,256,256
4117,256,256
4118,256,256
4119,256,256
4120,256,256
4121,256,256
4122,256,256
4123,256,256
4124,256,256
4125,256,256
4126,256,256
4127,256,256
4128,256,256
4129,256,256
4130,256,256
4131,224,216
4132,512,512
4133,512,512
4134,256,256
4135,512,512
4136,512,512
4137,512,512
4138,512,512
4139,512,512
4140,512,512
4141,512,512
4142,229,223
4143,530,526
4144,256,256
4145,298,354
4146,455,500
4147,250,270
4148,472,546
4149,290,339
4150,554,554
4151,201,207
4152,315,341
4153,286,356
4154,256,256
4155,204,249
4156,239,224
4157,323,342
4158,290,342
4159,416,395
4160,256,256
4161,343,367
4162,313,393
4163,330,355
4164,411,396
4165,234,216
4166,232,261
4167,329,314
4168,1149,1019
4169,722,690
4170,315,315
4171,273,326
4172,239,248
4173,289,354
4174,305,337
4175,256,256
4176,304,410
4177,200,252
4178,226,214
4179,238,212
4180,512,512
4181,512,512
4182,512,512
4183,512,512
4184,512,512
4185,256,256
4186,512,512
4187,512,512
4188,512,512
4189,512,512
4190,512,512
4191,512,512
4192,512,512
4193,512,512
4194,512,512
4195,512,512
4196,256,256
4197,512,512
4198,512,512
4199,512,512
4200,512,512
4201,512,512
4202,512,512
4203,512,512
4204,512,512
4205,512,512
4206,512,512
4207,256,256
4208,512,512
4209,512,512
4210,512,512
4211,512,512
4212,512,512
4213,512,512
4214,512,512
4215,512,512
4216,512,512
4217,512,512
4218,474,582
4219,256,256
4220,512,512
4221,512,512
4222,512,512
4223,512,512
4224,512,512
4225,512,512
4226,512,512
4227,512,512
4228,512,512
4229,512,512
4230,256,256
4231,512,512
4232,374,456
4233,825,993
4234,534,674
4235,512,512
4236,512,512
4237,512,512
4238,512,512
4239,512,512
4240,512,512
4241,256,256
4242,512,512
4243,512,512
4244,512,512
4245,512,512
4246,512,512
4247,512,512
4248,512,512
4249,512,512
4250,512,512
4251,512,512
4252,256,256
4253,256,256
4254,256,256
4255,256,256
4256,256,256
4257,256,256
4258,256,256
4259,256,256
4260,256,256
4261,256,256
4262,256,256
4263,256,256
4264,256,256
4265,256,256
4266,256,256
4267,256,256
4268,256,256
4269,256,256
4270,256,256
4271,256,256
4272,256,256
4273,256,256
4274,256,256
4275,256,256
4276,256,256
4277,256,256
4278,256,256
4279,256,256
4280,256,256
4281,256,256
4282,256,256
4283,256,256
4284,256,256
4285,256,256
4286,256,256
4287,256,256
4288,256,256
4289,256,256
4290,256,256
4291,256,256
4292,256,256
4293,256,256
4294,256,256
4295,256,256
4296,256,256
4297,256,256
4298,256,256
4299,256,256
4300,256,256
4301,256,256
4302,256,256
4303,256,256
4304,256,256
4305,256,256
4306,256,256
4307,256,256
4308,256,256
4309,256,256
4310,256,256
4311,256,256
4312,256,256
4313,256,256
4314,318,354
4315,256,256
4316,315,341
4317,286,356
4318,278,306
4319,252,303
4320,455,500
4321,442,442
4322,513,522
4323,312,401
4324,300,412
4325,205,251
4326,489,580
4327,256,256
4328,416,395
4329,554,554
4330,512,512
4331,273,326
4332,239,248
4333,289,354
4334,226,214
4335,238,212
4336,200,235
4337,512,512
4338,256,256
4339,512,512
4340,512,512
4341,512,512
4342,512,512
4343,512,512
4344,512,512
4345,512,512
4346,512,512
4347,512,512
4348,512,512
4349,256,256
4350,512,512
4351,512,512
4352,512,512
4353,825,993
4354,254,325
4355,512,512
4356,512,512
4357,512,512
4358,512,512
4359,512,512
4360,512,512
4361,512,512
4362,512,512
4363,512,512
4364,512,512
4365,512,512
4366,512,512
4367,512,512
4368,256,256
4369,512,512
4370,512,512
4371,512,512
4372,512,512
4373,512,512
4374,512,512
4375,512,512
4376,512,512
4377,512,512
4378,512,512
4379,256,256
4380,512,512
4381,512,512
4382,512,512
4383,512,512
4384,512,512
4385,512,512
4386,512,512
4387,512,512
4388,512,512
4389,256,256
4390,512,512
4391,512,512
4392,512,512
4393,512,512
4394,512,512
4395,512,512
4396,512,512
4397,512,512
4398,512,512
4399,256,256
4400,512,512
4401,512,512
4402,256,256
4403,256,256
4404,489,580
4405,256,256
4406,256,256
4407,256,256
4408,256,256
4409,256,256
4410,256,256
4411,256,256
4412,256,256
4413,256,256
4414,469,546
4415,256,256
4416,256,256
4417,256,256
4418,256,256
4419,256,256
4420,256,256
4421,256,256
4422,256,256
4423,256,256
4424,256,256
4425,421,529
4426,256,256
4427,256,256
4428,256,256
4429,256,256
4430,256,256
4431,256,256
4432,256,256
4433,256,256
4434,256,256
4435,471,590
4436,256,256
4437,256,256
4438,256,256
4439,256,256
4440,256,256
4441,256,256
4442,512,512
4443,512,512
4444,512,512
4445,512,512
